{"stats":{"minecraft:dropped":{"minecraft:golden_helmet":2,"minecraft:cornflower":1,"minecraft:golden_leggings":2,"tombstone:grave_dust":2,"minecraft:string":1,"minecraft:armor_stand":4},"minecraft:picked_up":{"minecraft:golden_helmet":4,"minecraft:pink_petals":3,"minecraft:charcoal":8,"minecraft:leather":1,"minecraft:golden_leggings":4,"minecraft:torch":3,"minecraft:porkchop":11,"minecraft:oak_log":2,"tombstone:grave_dust":1,"minecraft:white_bed":2,"minecraft:cornflower":1,"minecraft:string":1,"minecraft:dirt":18,"minecraft:armor_stand":4,"minecraft:experience_bottle":1,"minecraft:beef":4,"minecraft:mutton":16},"minecraft:used":{"minecraft:apple":1,"minecraft:iron_axe":26,"minecraft:bread":4,"minecraft:pink_petals":3,"minecraft:torch":5,"minecraft:dirt":18,"tombstone:gift":1,"minecraft:white_bed":1,"minecraft:experience_bottle":1},"minecraft:custom":{"minecraft:time_since_rest":1245,"minecraft:sprint_one_cm":65602,"minecraft:damage_taken":1162,"minecraft:walk_one_cm":73550,"minecraft:mob_kills":9,"minecraft:drop":9,"minecraft:damage_dealt":989,"minecraft:swim_one_cm":41733,"minecraft:interact_with_crafting_table":1,"minecraft:talked_to_villager":4,"minecraft:fly_one_cm":69582,"minecraft:open_chest":7,"minecraft:crouch_one_cm":886,"minecraft:play_time":24239,"minecraft:deaths":2,"minecraft:sneak_time":254,"minecraft:walk_under_water_one_cm":13236,"minecraft:jump":479,"minecraft:leave_game":1,"minecraft:time_since_death":3644,"minecraft:walk_on_water_one_cm":5597,"minecraft:sleep_in_bed":2,"minecraft:total_world_time":26495,"minecraft:fall_one_cm":20843},"minecraft:killed":{"minecraft:pig":6,"minecraft:spider":1,"minecraft:cow":2},"minecraft:mined":{"minecraft:pink_petals":3,"minecraft:white_bed":2,"minecraft:cornflower":1,"minecraft:torch":3,"minecraft:oak_log":2,"minecraft:grass":1,"minecraft:grass_block":6,"minecraft:campfire":4,"minecraft:tall_grass":3,"minecraft:oak_leaves":2}},"DataVersion":3465}