{"stats":{"minecraft:dropped":{"minecraft:golden_helmet":2,"minecraft:golden_leggings":2,"tombstone:grave_dust":1,"minecraft:armor_stand":4},"minecraft:picked_up":{"minecraft:golden_helmet":4,"minecraft:charcoal":8,"minecraft:leather":1,"minecraft:golden_leggings":4,"minecraft:porkchop":11,"minecraft:white_bed":1,"minecraft:dirt":1,"minecraft:armor_stand":4,"minecraft:experience_bottle":1,"minecraft:beef":4,"minecraft:mutton":16},"minecraft:used":{"minecraft:iron_axe":17,"minecraft:bread":2,"minecraft:torch":2,"minecraft:dirt":1,"tombstone:gift":1,"minecraft:experience_bottle":1},"minecraft:custom":{"minecraft:time_since_rest":5185,"minecraft:sprint_one_cm":38255,"minecraft:damage_taken":725,"minecraft:walk_one_cm":46462,"minecraft:mob_kills":8,"minecraft:drop":6,"minecraft:damage_dealt":829,"minecraft:swim_one_cm":3735,"minecraft:interact_with_crafting_table":1,"minecraft:talked_to_villager":3,"minecraft:fly_one_cm":32406,"minecraft:open_chest":6,"minecraft:crouch_one_cm":281,"minecraft:play_time":12239,"minecraft:deaths":1,"minecraft:sneak_time":149,"minecraft:walk_under_water_one_cm":3823,"minecraft:jump":218,"minecraft:leave_game":1,"minecraft:time_since_death":5840,"minecraft:walk_on_water_one_cm":1416,"minecraft:sleep_in_bed":1,"minecraft:total_world_time":14495,"minecraft:fall_one_cm":12259},"minecraft:killed":{"minecraft:pig":6,"minecraft:cow":2},"minecraft:mined":{"minecraft:white_bed":1,"minecraft:grass_block":1,"minecraft:campfire":4,"minecraft:tall_grass":3,"minecraft:oak_leaves":2}},"DataVersion":3465}